{

    "welcome": "مرحبا",
    "All Users": "كل المستخدمين",
    "Home": "الرئيسية",
    "privacy": "الخصوصية",
    "culture": "اللغة",
    "uiCulture": "لغة واجهة المستخدم",
    "date": "التاريخ",
    "currency": "العملة",
    "numbers": "الأرقام",
    "Create": "إضافة",
    "Save": "حفظ",
    "Name": "الاسم",
    "required": "حقل مطلوب",
    "Amazon": "أمازون",
    "Name(English)": "الاسم انجليزي",
    "Price": "السعر",
    "Name(Arabic)": "الاسم عربي",
    "Description(English)": "الوصف انجليزي",
    "Description(Arabic)": "الوصف عربي",
    "Discount": "تخفيض",
    "Quantity": "الكمية",
    "Image": "الصوره",
    "Category": "الفئة",
    "Brand": "الماركة",
    "Stock": "المخزن",
    "Back to List": "الرجوع للقائمة",
    "Create New Product": "إنشاء منتج جديد",
    "No file chosen": "لم تقم باختيار ملف",
    "Components": "العناصر",
    "Admin": "المسؤل",
    "UserReview": "راي المستخدم",
    "ShoppingMethod": "طريقة التسوق",
    "Product": "المنتج",
    "Adel": "عادل",
    "Delete": "مسح",
    "Edit": "تعديل",
    "Details": "التفاصيل",
    "Are you sure you want to delete this?": "هل أنت متأكد أنك تريد حذف هذا؟",
    "Order": "طلب",
    "Create New Brand": "إنشاء ماركة جديدة",
    "Create New Stock": "إنشاء مخزن جديد",
    "Create New Category": "إنشاء فئة جديدة",
    "Address": "العنوان",
    "Order Details": "تفاصيل الطلب",
    "Select Multi Categories": "اختر فئات متعددة",
    "Select Brand": "أختر ماركة",
    "Select Stock": "أختر مخزن",
    "Parent Category": "فئة رئيسية",
    "Select Parent Category": "أختر فئة رئيسية",
    "No Parent Category": "بدون فئة رئيسية",
    "Comment": "Comment",
    "Details Of": "تفاصيل",
    "All Products": "جميع المنتجات",
    "All Categories": "جميع الفئات",
    "All Brands": "جميع الماركات",
    "All Stocks": "جميع المخازن ",
    "Shopping Method": "طريقة التسوق",
    "All Shopping Methods": "جميع طرق التسوق",
    "Create Shopping Method": "أنشاء طريقة التسوق",
    "Orders": "طلبات",
    "User Reviews": "اراء المستخدم",
    "Pages": "الصفحات",
    "Add Role": "أضافة صلاحية",
    "Login": "تسجيل الدخول",
    "Register": "تسجيل جديد",
    "Date": "التاريخ",
    "Total": "الأجمالى",
    "Status": "الحالة",
    "Edit Order": "تعديل الطلب",

    "Name(EN)": "الأسم بالأنجليزية",

    "Name(AR)": "الأسم بالعربية",
    "Description(EN)": "الوصف بالأنجليزية",
    "Description(AR)": "الوصف بالعربية",
    "Done": "تم",
    "User ID": "رقم المستخدم",
    "Role Name": "أسم الصلاحية",
    "Select Barnd": "أختر الماركة",
    "Details Of Order": "تفاصيل الطلب",
    "First Name": "الأسم الأول",
    "Last Name": "الأسم الأخير",
    "UserName": "أسم المستخدم",
    "Email": "البريد الألكتروني",
    "Update Details": "تعديل التفاصيل",
    "Save Updated Details": "حفظ",
    "Registered Email Address": "عنوان البريد الإلكتروني المسجل",
    "Continue": "كمل",
    "Forgot Your Password? No Worries You Can Reset It Easily.": ".نسيت كلمة السر؟ لا تقلق يمكنك إعادة تعيينه بسهولة",
    "If You Are Registered With Us": "إذا كنت مسجلاً معنا",
    "We Have Sent An Email on Your Registered Email Id": "لقد أرسلنا بريدًا إلكترونيًا على معرف بريدك الإلكتروني المسجل",
    "Email Some Help": "أرسل مساعدة بالبريد الإلكتروني",
    "Current password": "كلمة السر الحالية",
    "Dashboard": "لوحة القيادة",
    "Role": "صالحيتك",
    "New password": "كلمة المرور الجديدة",
    "Confirm new password does not match": "تأكيد كلمة المرور الجديدة لا يتطابق",
    "Change Your Password": "غير كلمة المرور الخاصة بك",
    "You have updated your password successfully.": "لقد قمت بتحديث كلمة المرور الخاصة بك بنجاح",
    "New Password": "كلمة المرور الجديدة",
    "Confirm new password": "تأكيد كلمة المرور الجديدة"















}
