{

    "welcome": "Welcome",
    "All Users": "All Users",
    "home": "Home",
    "privacy": "Privacy",
    "culture": "Culture",
    "uiCulture": "UI Culture",
    "date": "Date",
    "currency": "Currency",
    "numbers": "Numbers",
    "Create": "Create",
    "Save": "Save",
    "Name": "Name",
    "required": "Required field",
    "Amazon": "Amazon",
    "Name(English)": "Name(English)",
    "Name(EN)": "Name(EN)",
    "Price": "Price",
    "Name(Arabic)": "Name(Arabic)",
    "Description(English)": "Description(English)",
    "Description(Arabic)": "Description(Arabic)",
    "Name(AR)": "Name(AR)",
    "Description(EN)": "Description(EN)",
    "Description(AR)": "Description(AR)",
    "Discount": "Discount",
    "Quantity": "Quantity",
    "Image": "Image",
    "Category": "Category",
    "Brand": "Brand",
    "Stock": "Stock",
    "Back to List": "Back to List",
    "Create New Product": "Create New Product",
    "No file chosen": "No file chosen",
    "Components": "Components",
    "Admin": "Admin",
    "UserReview": "UserReview",
    "ShoppingMethod": "ShoppingMethod",
    "Product": "Product",
    "Adel": "Adel",
    "Delete": "Delete",
    "Edit": "Edit",
    "Details": "Details",
    "Are you sure you want to delete this?": "Are you sure you want to delete this?",
    "Order": "Order",
    "Create New Brand": "Create New Brand",
    "Create New Stock": "Create New Stock",
    "Create New Category": "Create New Category",
    "Address": "Address",
    "Select Multi Categories": "Select Multi Categories",
    "Select Brand": "Select Brand",
    "Select Stock": "Select Stock",
    "Parent Category": "Parent Category",
    "Select Parent Category": "Select Parent Category",
    "No Parent Category": "No Parent Category",
    "Comment": "Comment",
    "Details Of": "Details Of",
    "All Products": "All Products",
    "All Categories": "All Categories",
    "All Brands": "All Brands",
    "All Stocks": "All Stocks",
    "Shopping Method": "Shopping Method",
    "All Shopping Methods": "All Shopping Methods",
    "Create Shopping Method": "Create Shopping Method",
    "Orders": "Orders",
    "User Reviews": "User Reviews",
    "Pages": "Pages",
    "Add Role": "Add Role",
    "Login": "Login",
    "Register": "Register",
    "Date": "Date",
    "Total": "Total",
    "Status": "Status",
    "Edit Order": "Edit Order",
    "Order Details": "Order Details",
    "Done": "Done",
    "User ID": "User ID",
    "Role Name": "Role Name",
    "Select Barnd": "Select Barnd",
    "Details Of Order": "Details Of Order",
    "First Name": "First Name",
    "Last Name": "Last Name",
    "UserName": "UserName",
    "Email": "Email",
    "Update Details": "Update Details",
    "Save Updated Details": "Save Updated Details",
    "Registered Email Address": "Registered Email Address",
    "Continue": "Continue",
    "Forgot Your Password? No Worries You Can Reset It Easily.": "Forgot Your Password? No Worries You Can Reset It Easily.",
    "If You Are Registered With Us": "If You Are Registered With Us",
    "We Have Sent An Email on Your Registered Email Id": "We Have Sent An Email on Your Registered Email Id",
    "Email Some Help": "Email Some Help",
    "Current password": "Current password",
    "Dashboard": "Dashboard",
    "Role": "Role",
    "New password": "New password",
    "Confirm new password does not match": "Confirm new password does not match",
    "Change Your Password": "Change Your Password",
    "You have updated your password successfully.": "You have updated your password successfully.",
    "New Password": "New password",
    "Confirm new password": "Confirm new password"
















}
